{"cameraMode":{"drawMode":0,"name":"Shaded","section":"Shading Mode"},"sceneLighting":true,"audioPlay":false,"sceneViewState":{"showFog":true,"showMaterialUpdate":false,"showSkybox":true,"showFlares":true,"showImageEffects":true,"showParticleSystems":true,"showVisualEffectGraphs":true,"m_FxEnabled":true},"in2DMode":false,"pivot":{"x":0.22669357061386109,"y":-6.206723213195801,"z":1.2896497249603272},"rotation":{"x":0.5194786190986633,"y":0.039703309535980228,"z":-0.024173177778720857,"w":0.8532187342643738},"size":25.050262451171876,"orthographic":true}